<?xml version="1.0" encoding="UTF-8"?><!-- This file was auto-generated from WSDL --><!-- by the Apache Axis2 version: 1.6.3  Built on : Jun 27, 2015 (11:17:49 BST) --><serviceGroup>
    <service name="serviciosP1">
        <messageReceivers>
            <messageReceiver mep="http://www.w3.org/ns/wsdl/in-out" class="org.example.www.serviciosp1.ServiciosP1MessageReceiverInOut"/>
        </messageReceivers>
        <parameter name="ServiceClass">org.example.www.serviciosp1.ServiciosP1Skeleton</parameter>
        <parameter name="useOriginalwsdl">true</parameter>
        <parameter name="modifyUserWSDLPortAddress">true</parameter>
        <operation name="validarDNI" mep="http://www.w3.org/ns/wsdl/in-out" namespace="http://www.example.org/serviciosP1/">
            <actionMapping>http://www.example.org/serviciosP1/validarDNI</actionMapping>
            <outputActionMapping>http://www.example.org/serviciosP1/serviciosP1/validarDNIResponse</outputActionMapping>
        </operation>
        <operation name="validarIBAN" mep="http://www.w3.org/ns/wsdl/in-out" namespace="http://www.example.org/serviciosP1/">
            <actionMapping>http://www.example.org/serviciosP1/validarIBAN</actionMapping>
            <outputActionMapping>http://www.example.org/serviciosP1/serviciosP1/validarIBANResponse</outputActionMapping>
        </operation>
        <operation name="solicitarPresupuesto" mep="http://www.w3.org/ns/wsdl/in-out" namespace="http://www.example.org/serviciosP1/">
            <actionMapping>http://www.example.org/serviciosP1/solicitarPresupuesto</actionMapping>
            <outputActionMapping>http://www.example.org/serviciosP1/serviciosP1/solicitarPresupuestoResponse</outputActionMapping>
        </operation>
        <operation name="generarPresupuesto" mep="http://www.w3.org/ns/wsdl/in-out" namespace="http://www.example.org/serviciosP1/">
            <actionMapping>http://www.example.org/serviciosP1/generarPresupuesto</actionMapping>
            <outputActionMapping>http://www.example.org/serviciosP1/serviciosP1/generarPresupuestoResponse</outputActionMapping>
        </operation>
        <operation name="consultaCP" mep="http://www.w3.org/ns/wsdl/in-out" namespace="http://www.example.org/serviciosP1/">
            <actionMapping>http://www.example.org/serviciosP1/consultaCP</actionMapping>
            <outputActionMapping>http://www.example.org/serviciosP1/serviciosP1/consultaCPResponse</outputActionMapping>
        </operation>
    </service>
</serviceGroup>
